route_id,timestamp,turn_10min,revisit_15min
ROUTE_001,09:00,0,0
ROUTE_001,09:01,1,0
ROUTE_001,09:02,1,0
ROUTE_001,09:03,1,0
ROUTE_001,09:04,1,0
ROUTE_001,09:05,1,0
ROUTE_001,09:06,1,0
ROUTE_001,09:07,1,0
ROUTE_001,09:08,1,0
ROUTE_001,09:09,2,0
ROUTE_001,09:10,2,0
ROUTE_001,09:11,1,0
ROUTE_001,09:12,1,0
ROUTE_001,09:13,1,0
ROUTE_001,09:14,1,0
ROUTE_001,09:15,1,0
ROUTE_001,09:16,1,0
ROUTE_001,09:17,1,0
ROUTE_001,09:18,1,0
ROUTE_001,09:19,0,0
ROUTE_001,09:20,0,0
ROUTE_001,09:21,0,0
ROUTE_001,09:22,0,0
ROUTE_001,09:23,0,0
ROUTE_001,09:24,1,0
ROUTE_001,09:25,1,0
ROUTE_001,09:26,1,0
ROUTE_001,09:27,1,0
ROUTE_001,09:28,1,0
ROUTE_001,09:29,1,0
ROUTE_001,09:30,1,0
ROUTE_002,09:00,0,0
ROUTE_002,09:01,0,0
ROUTE_002,09:02,0,0
ROUTE_002,09:03,0,0
ROUTE_002,09:04,1,0
ROUTE_002,09:05,2,0
ROUTE_002,09:06,2,0
ROUTE_002,09:07,2,0
ROUTE_002,09:08,2,0
ROUTE_002,09:09,2,0
ROUTE_002,09:10,2,0
ROUTE_002,09:11,2,0
ROUTE_002,09:12,2,0
ROUTE_002,09:13,2,0
ROUTE_002,09:14,1,0
ROUTE_002,09:15,0,0
ROUTE_002,09:16,0,0
ROUTE_002,09:17,0,0
ROUTE_002,09:18,0,0
ROUTE_002,09:19,0,0
ROUTE_002,09:20,0,0
ROUTE_002,09:21,0,0
ROUTE_002,09:22,1,0
ROUTE_002,09:23,1,0
ROUTE_003,09:00,0,0
ROUTE_003,09:01,0,0
ROUTE_003,09:02,1,0
ROUTE_003,09:03,1,0
ROUTE_003,09:04,1,0
ROUTE_003,09:05,1,0
ROUTE_003,09:06,1,0
ROUTE_003,09:07,1,0
ROUTE_003,09:08,1,0
ROUTE_003,09:09,1,0
ROUTE_003,09:10,1,0
ROUTE_003,09:11,1,0
ROUTE_003,09:12,0,0
ROUTE_003,09:13,0,0
ROUTE_003,09:14,1,0
ROUTE_003,09:15,1,0
ROUTE_003,09:16,1,0
ROUTE_003,09:17,1,0
ROUTE_003,09:18,1,0
ROUTE_003,09:19,2,0
ROUTE_003,09:20,2,0
ROUTE_003,09:21,2,0
ROUTE_003,09:22,2,0
ROUTE_003,09:23,2,0
ROUTE_003,09:24,1,0
ROUTE_003,09:25,1,0
ROUTE_003,09:26,1,0
ROUTE_003,09:27,1,0
ROUTE_003,09:28,1,0
ROUTE_004,09:00,0,0
ROUTE_004,09:01,0,0
ROUTE_004,09:02,0,0
ROUTE_004,09:03,0,0
ROUTE_004,09:04,0,0
ROUTE_004,09:05,0,0
ROUTE_004,09:06,0,0
ROUTE_004,09:07,1,0
ROUTE_004,09:08,2,0
ROUTE_004,09:09,2,0
ROUTE_004,09:10,2,0
ROUTE_004,09:11,2,0
ROUTE_004,09:12,2,0
ROUTE_004,09:13,2,0
ROUTE_004,09:14,2,0
ROUTE_004,09:15,2,0
ROUTE_004,09:16,2,0
ROUTE_004,09:17,2,0
ROUTE_004,09:18,1,0
ROUTE_004,09:19,1,0
ROUTE_004,09:20,1,0
ROUTE_005,09:00,0,0
ROUTE_005,09:01,0,0
ROUTE_005,09:02,0,0
ROUTE_005,09:03,0,0
ROUTE_005,09:04,0,0
ROUTE_005,09:05,0,0
ROUTE_005,09:06,0,0
ROUTE_005,09:07,1,0
ROUTE_005,09:08,1,0
ROUTE_005,09:09,1,0
ROUTE_005,09:10,1,0
ROUTE_005,09:11,1,0
ROUTE_005,09:12,1,0
ROUTE_005,09:13,1,0
ROUTE_005,09:14,1,0
ROUTE_005,09:15,1,0
ROUTE_005,09:16,1,0
ROUTE_005,09:17,0,0
ROUTE_005,09:18,1,0
ROUTE_005,09:19,1,0
ROUTE_005,09:20,1,0
ROUTE_005,09:21,1,0
ROUTE_005,09:22,1,0
ROUTE_005,09:23,2,0
ROUTE_005,09:24,2,0
ROUTE_005,09:25,2,0
ROUTE_005,09:26,2,0
ROUTE_005,09:27,2,0
ROUTE_005,09:28,1,0
ROUTE_005,09:29,1,0
ROUTE_006,09:00,0,0
ROUTE_006,09:01,0,0
ROUTE_006,09:02,0,0
ROUTE_006,09:03,0,0
ROUTE_006,09:04,0,0
ROUTE_006,09:05,0,0
ROUTE_006,09:06,0,0
ROUTE_006,09:07,0,0
ROUTE_006,09:08,1,0
ROUTE_006,09:09,1,1
ROUTE_006,09:10,1,1
ROUTE_006,09:11,1,1
ROUTE_006,09:12,1,1
ROUTE_006,09:13,1,1
ROUTE_006,09:14,2,1
ROUTE_006,09:15,3,1
ROUTE_006,09:16,3,1
ROUTE_006,09:17,3,1
ROUTE_006,09:18,3,1
ROUTE_006,09:19,4,1
ROUTE_006,09:20,4,1
ROUTE_006,09:21,4,1
ROUTE_006,09:22,4,1
ROUTE_006,09:23,4,1
ROUTE_006,09:24,3,0
ROUTE_006,09:25,2,0
ROUTE_006,09:26,2,0
ROUTE_006,09:27,2,0
ROUTE_006,09:28,1,0
ROUTE_006,09:29,0,0
ROUTE_006,09:30,0,0
ROUTE_007,09:00,0,0
ROUTE_007,09:01,0,0
ROUTE_007,09:02,0,0
ROUTE_007,09:03,0,0
ROUTE_007,09:04,0,0
ROUTE_007,09:05,0,0
ROUTE_007,09:06,0,0
ROUTE_007,09:07,0,0
ROUTE_007,09:08,0,0
ROUTE_007,09:09,1,0
ROUTE_007,09:10,1,0
ROUTE_007,09:11,2,0
ROUTE_007,09:12,2,0
ROUTE_007,09:13,2,0
ROUTE_007,09:14,3,0
ROUTE_007,09:15,3,0
ROUTE_007,09:16,3,0
ROUTE_007,09:17,3,0
ROUTE_007,09:18,3,0
ROUTE_007,09:19,2,0
ROUTE_007,09:20,2,0
ROUTE_008,09:00,0,0
ROUTE_008,09:01,0,0
ROUTE_008,09:02,0,0
ROUTE_008,09:03,1,0
ROUTE_008,09:04,2,0
ROUTE_008,09:05,2,0
ROUTE_008,09:06,2,0
ROUTE_008,09:07,2,0
ROUTE_008,09:08,2,0
ROUTE_008,09:09,2,0
ROUTE_008,09:10,2,0
ROUTE_008,09:11,3,0
ROUTE_008,09:12,3,0
ROUTE_008,09:13,2,0
ROUTE_008,09:14,1,0
ROUTE_008,09:15,1,0
ROUTE_008,09:16,1,0
ROUTE_008,09:17,1,0
ROUTE_008,09:18,1,0
ROUTE_008,09:19,1,0
ROUTE_008,09:20,1,0
ROUTE_008,09:21,0,0
ROUTE_008,09:22,0,0
ROUTE_009,09:00,0,0
ROUTE_009,09:01,0,0
ROUTE_009,09:02,0,0
ROUTE_009,09:03,0,0
ROUTE_009,09:04,0,0
ROUTE_009,09:05,0,0
ROUTE_009,09:06,0,0
ROUTE_009,09:07,0,0
ROUTE_009,09:08,0,0
ROUTE_009,09:09,1,0
ROUTE_009,09:10,1,0
ROUTE_009,09:11,1,0
ROUTE_009,09:12,2,0
ROUTE_009,09:13,2,0
ROUTE_009,09:14,2,0
ROUTE_009,09:15,2,0
ROUTE_009,09:16,2,0
ROUTE_009,09:17,2,0
ROUTE_009,09:18,2,0
ROUTE_009,09:19,1,0
ROUTE_009,09:20,2,0
ROUTE_009,09:21,2,0
ROUTE_009,09:22,1,0
ROUTE_009,09:23,1,0
ROUTE_009,09:24,1,0
ROUTE_009,09:25,1,0
ROUTE_009,09:26,1,0
ROUTE_010,09:00,0,0
ROUTE_010,09:01,0,0
ROUTE_010,09:02,0,0
ROUTE_010,09:03,1,0
ROUTE_010,09:04,2,0
ROUTE_010,09:05,2,0
ROUTE_010,09:06,2,0
ROUTE_010,09:07,2,0
ROUTE_010,09:08,2,0
ROUTE_010,09:09,2,0
ROUTE_010,09:10,2,0
ROUTE_010,09:11,2,0
ROUTE_010,09:12,2,0
ROUTE_010,09:13,2,0
ROUTE_010,09:14,1,0
ROUTE_010,09:15,2,0
ROUTE_010,09:16,2,0
ROUTE_010,09:17,2,0
ROUTE_010,09:18,3,1
ROUTE_010,09:19,3,1
ROUTE_010,09:20,3,1
ROUTE_011,09:00,0,0
ROUTE_011,09:01,0,0
ROUTE_011,09:02,0,0
ROUTE_011,09:03,0,1
ROUTE_011,09:04,0,1
ROUTE_011,09:05,0,1
ROUTE_011,09:06,0,1
ROUTE_011,09:07,1,1
ROUTE_011,09:08,1,1
ROUTE_011,09:09,1,1
ROUTE_011,09:10,1,1
ROUTE_011,09:11,1,1
ROUTE_011,09:12,2,1
ROUTE_011,09:13,2,1
ROUTE_011,09:14,2,1
ROUTE_011,09:15,2,1
ROUTE_011,09:16,2,1
ROUTE_011,09:17,1,1
ROUTE_011,09:18,1,0
ROUTE_011,09:19,2,0
ROUTE_011,09:20,3,0
ROUTE_011,09:21,3,0
ROUTE_011,09:22,2,0
ROUTE_011,09:23,3,0
ROUTE_011,09:24,3,0
ROUTE_012,09:00,0,0
ROUTE_012,09:01,0,0
ROUTE_012,09:02,0,0
ROUTE_012,09:03,1,0
ROUTE_012,09:04,2,0
ROUTE_012,09:05,2,0
ROUTE_012,09:06,2,0
ROUTE_012,09:07,2,0
ROUTE_012,09:08,3,0
ROUTE_012,09:09,3,0
ROUTE_012,09:10,4,0
ROUTE_012,09:11,4,0
ROUTE_012,09:12,4,0
ROUTE_012,09:13,3,1
ROUTE_012,09:14,2,1
ROUTE_012,09:15,2,1
ROUTE_012,09:16,2,1
ROUTE_012,09:17,2,1
ROUTE_012,09:18,1,1
ROUTE_012,09:19,1,1
ROUTE_012,09:20,1,1
ROUTE_013,09:00,0,0
ROUTE_013,09:01,0,0
ROUTE_013,09:02,0,0
ROUTE_013,09:03,0,0
ROUTE_013,09:04,0,0
ROUTE_013,09:05,0,0
ROUTE_013,09:06,1,0
ROUTE_013,09:07,2,0
ROUTE_013,09:08,2,0
ROUTE_013,09:09,2,1
ROUTE_013,09:10,2,1
ROUTE_013,09:11,2,1
ROUTE_013,09:12,3,1
ROUTE_013,09:13,3,1
ROUTE_013,09:14,3,1
ROUTE_013,09:15,3,1
ROUTE_013,09:16,2,1
ROUTE_013,09:17,1,1
ROUTE_013,09:18,1,1
ROUTE_013,09:19,1,1
ROUTE_013,09:20,1,1
ROUTE_013,09:21,1,1
ROUTE_013,09:22,1,1
ROUTE_013,09:23,1,1
ROUTE_013,09:24,1,0
ROUTE_014,09:00,0,0
ROUTE_014,09:01,0,0
ROUTE_014,09:02,0,0
ROUTE_014,09:03,1,0
ROUTE_014,09:04,1,0
ROUTE_014,09:05,1,0
ROUTE_014,09:06,2,0
ROUTE_014,09:07,2,0
ROUTE_014,09:08,2,0
ROUTE_014,09:09,2,0
ROUTE_014,09:10,2,0
ROUTE_014,09:11,2,0
ROUTE_014,09:12,2,0
ROUTE_014,09:13,1,0
ROUTE_014,09:14,1,0
ROUTE_014,09:15,1,0
ROUTE_014,09:16,0,0
ROUTE_014,09:17,0,0
ROUTE_014,09:18,1,0
ROUTE_014,09:19,1,0
ROUTE_014,09:20,2,0
ROUTE_014,09:21,3,0
ROUTE_014,09:22,3,0
ROUTE_014,09:23,3,0
ROUTE_014,09:24,3,1
ROUTE_014,09:25,3,1
ROUTE_014,09:26,3,1
ROUTE_014,09:27,3,1
ROUTE_014,09:28,2,1
ROUTE_014,09:29,2,1
ROUTE_014,09:30,1,1
ROUTE_015,09:00,0,0
ROUTE_015,09:01,0,0
ROUTE_015,09:02,0,0
ROUTE_015,09:03,0,0
ROUTE_015,09:04,0,0
ROUTE_015,09:05,0,0
ROUTE_015,09:06,0,0
ROUTE_015,09:07,0,0
ROUTE_015,09:08,0,0
ROUTE_015,09:09,1,0
ROUTE_015,09:10,1,0
ROUTE_015,09:11,1,0
ROUTE_015,09:12,1,0
ROUTE_015,09:13,2,0
ROUTE_015,09:14,2,0
ROUTE_015,09:15,3,0
ROUTE_015,09:16,3,0
ROUTE_015,09:17,3,0
ROUTE_015,09:18,3,0
ROUTE_015,09:19,2,0
ROUTE_015,09:20,2,0
ROUTE_015,09:21,2,0
ROUTE_015,09:22,2,0
ROUTE_015,09:23,1,0
ROUTE_016,09:00,0,0
ROUTE_016,09:01,0,0
ROUTE_016,09:02,0,0
ROUTE_016,09:03,0,0
ROUTE_016,09:04,0,0
ROUTE_016,09:05,0,0
ROUTE_016,09:06,0,0
ROUTE_016,09:07,0,0
ROUTE_016,09:08,1,0
ROUTE_016,09:09,1,0
ROUTE_016,09:10,1,0
ROUTE_016,09:11,2,0
ROUTE_016,09:12,2,0
ROUTE_016,09:13,2,0
ROUTE_016,09:14,2,0
ROUTE_016,09:15,2,0
ROUTE_016,09:16,2,0
ROUTE_016,09:17,2,0
ROUTE_016,09:18,2,0
ROUTE_016,09:19,2,0
ROUTE_016,09:20,2,0
ROUTE_016,09:21,1,0
ROUTE_016,09:22,2,0
ROUTE_016,09:23,2,0
ROUTE_016,09:24,2,0
ROUTE_016,09:25,2,1
ROUTE_016,09:26,2,1
ROUTE_016,09:27,3,1
ROUTE_016,09:28,2,1
ROUTE_016,09:29,2,1
ROUTE_016,09:30,2,1
ROUTE_017,09:00,0,0
ROUTE_017,09:01,0,0
ROUTE_017,09:02,1,0
ROUTE_017,09:03,1,0
ROUTE_017,09:04,1,0
ROUTE_017,09:05,1,0
ROUTE_017,09:06,1,0
ROUTE_017,09:07,1,0
ROUTE_017,09:08,1,0
ROUTE_017,09:09,1,0
ROUTE_017,09:10,1,0
ROUTE_017,09:11,2,0
ROUTE_017,09:12,1,0
ROUTE_017,09:13,2,0
ROUTE_017,09:14,2,0
ROUTE_017,09:15,2,0
ROUTE_017,09:16,2,0
ROUTE_017,09:17,2,0
ROUTE_017,09:18,2,0
ROUTE_017,09:19,2,0
ROUTE_017,09:20,2,0
ROUTE_018,09:00,0,0
ROUTE_018,09:01,0,0
ROUTE_018,09:02,0,0
ROUTE_018,09:03,0,0
ROUTE_018,09:04,0,0
ROUTE_018,09:05,0,0
ROUTE_018,09:06,0,0
ROUTE_018,09:07,1,0
ROUTE_018,09:08,1,0
ROUTE_018,09:09,1,0
ROUTE_018,09:10,1,0
ROUTE_018,09:11,1,0
ROUTE_018,09:12,1,0
ROUTE_018,09:13,1,0
ROUTE_018,09:14,1,0
ROUTE_018,09:15,1,0
ROUTE_018,09:16,1,0
ROUTE_018,09:17,0,0
ROUTE_018,09:18,0,0
ROUTE_018,09:19,1,0
ROUTE_018,09:20,1,0
ROUTE_018,09:21,1,0
ROUTE_018,09:22,1,0
ROUTE_018,09:23,2,0
ROUTE_018,09:24,2,0
ROUTE_019,09:00,0,0
ROUTE_019,09:01,0,0
ROUTE_019,09:02,0,0
ROUTE_019,09:03,0,0
ROUTE_019,09:04,0,0
ROUTE_019,09:05,0,0
ROUTE_019,09:06,0,0
ROUTE_019,09:07,0,0
ROUTE_019,09:08,0,0
ROUTE_019,09:09,0,0
ROUTE_019,09:10,0,0
ROUTE_019,09:11,0,0
ROUTE_019,09:12,0,0
ROUTE_019,09:13,1,0
ROUTE_019,09:14,1,0
ROUTE_019,09:15,1,0
ROUTE_019,09:16,2,0
ROUTE_019,09:17,2,0
ROUTE_019,09:18,2,0
ROUTE_019,09:19,2,0
ROUTE_019,09:20,2,0
ROUTE_019,09:21,3,0
ROUTE_019,09:22,3,0
ROUTE_019,09:23,2,0
ROUTE_019,09:24,2,0
ROUTE_019,09:25,2,0
ROUTE_020,09:00,0,0
ROUTE_020,09:01,0,0
ROUTE_020,09:02,0,0
ROUTE_020,09:03,0,0
ROUTE_020,09:04,0,0
ROUTE_020,09:05,1,0
ROUTE_020,09:06,1,0
ROUTE_020,09:07,1,0
ROUTE_020,09:08,2,0
ROUTE_020,09:09,3,0
ROUTE_020,09:10,3,0
ROUTE_020,09:11,3,0
ROUTE_020,09:12,3,0
ROUTE_020,09:13,3,0
ROUTE_020,09:14,3,0
ROUTE_020,09:15,2,0
ROUTE_020,09:16,2,0
ROUTE_020,09:17,2,0
ROUTE_020,09:18,1,0
ROUTE_020,09:19,0,0
ROUTE_020,09:20,0,0
ROUTE_020,09:21,0,0
ROUTE_020,09:22,0,0
ROUTE_020,09:23,0,0
ROUTE_020,09:24,1,0
ROUTE_020,09:25,1,0
ROUTE_020,09:26,1,0
ROUTE_020,09:27,1,0
ROUTE_020,09:28,1,0
ROUTE_020,09:29,1,0
ROUTE_020,09:30,1,0
ROUTE_021,09:00,0,0
ROUTE_021,09:01,0,0
ROUTE_021,09:02,0,0
ROUTE_021,09:03,0,0
ROUTE_021,09:04,0,0
ROUTE_021,09:05,0,0
ROUTE_021,09:06,0,0
ROUTE_021,09:07,0,0
ROUTE_021,09:08,0,0
ROUTE_021,09:09,1,0
ROUTE_021,09:10,1,0
ROUTE_021,09:11,1,0
ROUTE_021,09:12,1,1
ROUTE_021,09:13,2,1
ROUTE_021,09:14,3,1
ROUTE_021,09:15,3,1
ROUTE_021,09:16,3,1
ROUTE_021,09:17,3,1
ROUTE_021,09:18,3,1
ROUTE_021,09:19,3,1
ROUTE_021,09:20,3,1
ROUTE_021,09:21,3,1
ROUTE_021,09:22,3,1
ROUTE_021,09:23,2,1
ROUTE_021,09:24,2,1
ROUTE_021,09:25,2,1
ROUTE_021,09:26,2,1
ROUTE_021,09:27,2,0
ROUTE_021,09:28,2,0
ROUTE_022,09:00,0,0
ROUTE_022,09:01,0,0
ROUTE_022,09:02,0,0
ROUTE_022,09:03,1,0
ROUTE_022,09:04,1,0
ROUTE_022,09:05,1,0
ROUTE_022,09:06,1,0
ROUTE_022,09:07,1,0
ROUTE_022,09:08,1,0
ROUTE_022,09:09,1,0
ROUTE_022,09:10,1,0
ROUTE_022,09:11,1,0
ROUTE_022,09:12,1,0
ROUTE_022,09:13,0,0
ROUTE_022,09:14,0,0
ROUTE_022,09:15,0,0
ROUTE_022,09:16,1,0
ROUTE_022,09:17,2,0
ROUTE_022,09:18,2,0
ROUTE_022,09:19,2,0
ROUTE_022,09:20,2,0
ROUTE_022,09:21,2,0
ROUTE_022,09:22,2,0
ROUTE_022,09:23,2,0
ROUTE_023,09:00,0,0
ROUTE_023,09:01,0,0
ROUTE_023,09:02,0,0
ROUTE_023,09:03,0,0
ROUTE_023,09:04,0,0
ROUTE_023,09:05,1,0
ROUTE_023,09:06,2,0
ROUTE_023,09:07,2,0
ROUTE_023,09:08,2,0
ROUTE_023,09:09,2,0
ROUTE_023,09:10,2,0
ROUTE_023,09:11,2,0
ROUTE_023,09:12,2,0
ROUTE_023,09:13,2,0
ROUTE_023,09:14,3,0
ROUTE_023,09:15,2,0
ROUTE_023,09:16,1,0
ROUTE_023,09:17,1,0
ROUTE_023,09:18,1,0
ROUTE_023,09:19,1,0
ROUTE_023,09:20,1,0
ROUTE_024,09:00,0,0
ROUTE_024,09:01,0,0
ROUTE_024,09:02,0,0
ROUTE_024,09:03,0,0
ROUTE_024,09:04,0,0
ROUTE_024,09:05,0,0
ROUTE_024,09:06,0,0
ROUTE_024,09:07,0,0
ROUTE_024,09:08,0,0
ROUTE_024,09:09,0,0
ROUTE_024,09:10,0,0
ROUTE_024,09:11,0,0
ROUTE_024,09:12,0,0
ROUTE_024,09:13,1,0
ROUTE_024,09:14,1,0
ROUTE_024,09:15,2,0
ROUTE_024,09:16,2,0
ROUTE_024,09:17,2,0
ROUTE_024,09:18,2,0
ROUTE_024,09:19,2,0
ROUTE_024,09:20,3,0
ROUTE_024,09:21,3,0
ROUTE_024,09:22,3,0
ROUTE_024,09:23,2,0
ROUTE_024,09:24,2,0
ROUTE_024,09:25,1,0
ROUTE_024,09:26,1,0
ROUTE_024,09:27,1,0
ROUTE_024,09:28,1,0
ROUTE_024,09:29,1,0
ROUTE_025,09:00,0,0
ROUTE_025,09:01,0,0
ROUTE_025,09:02,0,0
ROUTE_025,09:03,0,0
ROUTE_025,09:04,1,0
ROUTE_025,09:05,1,0
ROUTE_025,09:06,1,0
ROUTE_025,09:07,1,0
ROUTE_025,09:08,1,0
ROUTE_025,09:09,1,0
ROUTE_025,09:10,1,0
ROUTE_025,09:11,1,0
ROUTE_025,09:12,1,0
ROUTE_025,09:13,1,0
ROUTE_025,09:14,0,0
ROUTE_025,09:15,0,0
ROUTE_025,09:16,0,0
ROUTE_025,09:17,0,0
ROUTE_025,09:18,1,0
ROUTE_025,09:19,1,0
ROUTE_025,09:20,1,0
ROUTE_025,09:21,1,0
ROUTE_025,09:22,2,0
ROUTE_025,09:23,2,0
ROUTE_025,09:24,3,0
ROUTE_025,09:25,3,0
ROUTE_025,09:26,3,0
ROUTE_025,09:27,3,0
ROUTE_025,09:28,2,0
ROUTE_026,09:00,0,0
ROUTE_026,09:01,0,0
ROUTE_026,09:02,0,0
ROUTE_026,09:03,0,0
ROUTE_026,09:04,1,0
ROUTE_026,09:05,1,0
ROUTE_026,09:06,2,0
ROUTE_026,09:07,2,0
ROUTE_026,09:08,2,0
ROUTE_026,09:09,2,0
ROUTE_026,09:10,3,0
ROUTE_026,09:11,4,0
ROUTE_026,09:12,4,0
ROUTE_026,09:13,4,0
ROUTE_026,09:14,4,0
ROUTE_026,09:15,4,1
ROUTE_026,09:16,3,1
ROUTE_026,09:17,3,1
ROUTE_026,09:18,3,1
ROUTE_026,09:19,3,1
ROUTE_026,09:20,2,1
ROUTE_026,09:21,1,1
ROUTE_026,09:22,1,1
ROUTE_026,09:23,1,1
ROUTE_026,09:24,0,1
ROUTE_027,09:00,0,0
ROUTE_027,09:01,0,0
ROUTE_027,09:02,0,0
ROUTE_027,09:03,0,0
ROUTE_027,09:04,1,0
ROUTE_027,09:05,1,0
ROUTE_027,09:06,2,0
ROUTE_027,09:07,2,0
ROUTE_027,09:08,2,0
ROUTE_027,09:09,3,0
ROUTE_027,09:10,3,1
ROUTE_027,09:11,3,1
ROUTE_027,09:12,3,1
ROUTE_027,09:13,3,1
ROUTE_027,09:14,2,1
ROUTE_027,09:15,2,1
ROUTE_027,09:16,1,1
ROUTE_027,09:17,2,1
ROUTE_027,09:18,2,1
ROUTE_027,09:19,2,1
ROUTE_027,09:20,2,1
ROUTE_028,09:00,0,0
ROUTE_028,09:01,0,0
ROUTE_028,09:02,0,0
ROUTE_028,09:03,0,0
ROUTE_028,09:04,0,0
ROUTE_028,09:05,1,0
ROUTE_028,09:06,1,1
ROUTE_028,09:07,2,1
ROUTE_028,09:08,2,1
ROUTE_028,09:09,2,1
ROUTE_028,09:10,2,1
ROUTE_028,09:11,2,1
ROUTE_028,09:12,3,1
ROUTE_028,09:13,3,1
ROUTE_028,09:14,3,1
ROUTE_028,09:15,2,1
ROUTE_028,09:16,2,1
ROUTE_028,09:17,1,1
ROUTE_028,09:18,1,1
ROUTE_028,09:19,1,1
ROUTE_028,09:20,2,1
ROUTE_028,09:21,2,0
ROUTE_028,09:22,1,0
ROUTE_028,09:23,1,0
ROUTE_028,09:24,1,0
ROUTE_028,09:25,2,0
ROUTE_028,09:26,2,0
ROUTE_028,09:27,2,0
ROUTE_028,09:28,2,0
ROUTE_028,09:29,2,0
ROUTE_028,09:30,1,0
ROUTE_029,09:00,0,0
ROUTE_029,09:01,1,0
ROUTE_029,09:02,1,0
ROUTE_029,09:03,1,0
ROUTE_029,09:04,2,0
ROUTE_029,09:05,2,0
ROUTE_029,09:06,2,0
ROUTE_029,09:07,2,0
ROUTE_029,09:08,2,0
ROUTE_029,09:09,2,0
ROUTE_029,09:10,2,0
ROUTE_029,09:11,2,0
ROUTE_029,09:12,2,1
ROUTE_029,09:13,2,1
ROUTE_029,09:14,1,1
ROUTE_029,09:15,1,1
ROUTE_029,09:16,2,1
ROUTE_029,09:17,2,1
ROUTE_029,09:18,2,1
ROUTE_029,09:19,2,1
ROUTE_029,09:20,3,1
ROUTE_029,09:21,2,1
ROUTE_029,09:22,2,1
ROUTE_029,09:23,2,1
ROUTE_029,09:24,2,1
ROUTE_029,09:25,2,1
ROUTE_029,09:26,1,1
ROUTE_029,09:27,1,0
ROUTE_029,09:28,1,0
ROUTE_030,09:00,0,0
ROUTE_030,09:01,0,0
ROUTE_030,09:02,1,0
ROUTE_030,09:03,1,0
ROUTE_030,09:04,1,0
ROUTE_030,09:05,1,0
ROUTE_030,09:06,1,0
ROUTE_030,09:07,1,0
ROUTE_030,09:08,2,0
ROUTE_030,09:09,2,0
ROUTE_030,09:10,2,0
ROUTE_030,09:11,2,0
ROUTE_030,09:12,1,0
ROUTE_030,09:13,1,0
ROUTE_030,09:14,1,0
ROUTE_030,09:15,1,0
ROUTE_030,09:16,1,0
ROUTE_030,09:17,1,0
ROUTE_030,09:18,0,0
ROUTE_030,09:19,1,0
ROUTE_030,09:20,1,0
ROUTE_030,09:21,1,0
ROUTE_030,09:22,1,0
ROUTE_030,09:23,1,0
ROUTE_030,09:24,1,0
ROUTE_031,09:00,0,0
ROUTE_031,09:01,0,0
ROUTE_031,09:02,0,0
ROUTE_031,09:03,1,0
ROUTE_031,09:04,1,0
ROUTE_031,09:05,1,0
ROUTE_031,09:06,1,0
ROUTE_031,09:07,1,0
ROUTE_031,09:08,1,0
ROUTE_031,09:09,1,0
ROUTE_031,09:10,1,0
ROUTE_031,09:11,1,0
ROUTE_031,09:12,1,0
ROUTE_031,09:13,0,0
ROUTE_031,09:14,0,0
ROUTE_031,09:15,0,0
ROUTE_031,09:16,1,0
ROUTE_031,09:17,1,0
ROUTE_031,09:18,2,0
ROUTE_031,09:19,2,0
ROUTE_031,09:20,2,0
ROUTE_031,09:21,2,0
ROUTE_032,09:00,0,0
ROUTE_032,09:01,0,0
ROUTE_032,09:02,0,0
ROUTE_032,09:03,0,0
ROUTE_032,09:04,0,0
ROUTE_032,09:05,0,0
ROUTE_032,09:06,0,0
ROUTE_032,09:07,0,0
ROUTE_032,09:08,0,0
ROUTE_032,09:09,0,0
ROUTE_032,09:10,0,0
ROUTE_032,09:11,0,0
ROUTE_032,09:12,0,0
ROUTE_032,09:13,0,0
ROUTE_032,09:14,0,0
ROUTE_032,09:15,0,0
ROUTE_032,09:16,1,0
ROUTE_032,09:17,1,0
ROUTE_032,09:18,2,0
ROUTE_032,09:19,2,0
ROUTE_032,09:20,2,0
ROUTE_032,09:21,2,0
ROUTE_032,09:22,3,0
ROUTE_033,09:00,0,0
ROUTE_033,09:01,0,0
ROUTE_033,09:02,0,0
ROUTE_033,09:03,0,0
ROUTE_033,09:04,0,0
ROUTE_033,09:05,0,0
ROUTE_033,09:06,0,0
ROUTE_033,09:07,1,0
ROUTE_033,09:08,1,0
ROUTE_033,09:09,1,0
ROUTE_033,09:10,2,0
ROUTE_033,09:11,2,0
ROUTE_033,09:12,2,0
ROUTE_033,09:13,3,0
ROUTE_033,09:14,3,0
ROUTE_033,09:15,3,0
ROUTE_033,09:16,3,0
ROUTE_033,09:17,2,0
ROUTE_033,09:18,3,0
ROUTE_033,09:19,3,0
ROUTE_033,09:20,2,0
ROUTE_033,09:21,2,0
ROUTE_033,09:22,2,1
ROUTE_034,09:00,0,0
ROUTE_034,09:01,0,0
ROUTE_034,09:02,0,0
ROUTE_034,09:03,0,0
ROUTE_034,09:04,1,0
ROUTE_034,09:05,1,0
ROUTE_034,09:06,1,0
ROUTE_034,09:07,1,0
ROUTE_034,09:08,1,1
ROUTE_034,09:09,1,1
ROUTE_034,09:10,1,1
ROUTE_034,09:11,1,1
ROUTE_034,09:12,1,1
ROUTE_034,09:13,1,1
ROUTE_034,09:14,0,1
ROUTE_034,09:15,1,1
ROUTE_034,09:16,1,1
ROUTE_034,09:17,2,1
ROUTE_034,09:18,2,1
ROUTE_034,09:19,2,1
ROUTE_034,09:20,2,1
ROUTE_034,09:21,2,1
ROUTE_034,09:22,2,1
ROUTE_034,09:23,2,0
ROUTE_034,09:24,2,0
ROUTE_034,09:25,1,0
ROUTE_034,09:26,1,0
ROUTE_034,09:27,0,0
ROUTE_034,09:28,0,0
ROUTE_034,09:29,1,0
ROUTE_034,09:30,1,0
ROUTE_035,09:00,0,0
ROUTE_035,09:01,1,0
ROUTE_035,09:02,1,0
ROUTE_035,09:03,1,0
ROUTE_035,09:04,1,0
ROUTE_035,09:05,1,0
ROUTE_035,09:06,1,0
ROUTE_035,09:07,1,0
ROUTE_035,09:08,1,0
ROUTE_035,09:09,1,0
ROUTE_035,09:10,1,0
ROUTE_035,09:11,1,0
ROUTE_035,09:12,1,0
ROUTE_035,09:13,1,0
ROUTE_035,09:14,1,0
ROUTE_035,09:15,1,0
ROUTE_035,09:16,1,0
ROUTE_035,09:17,1,0
ROUTE_035,09:18,1,0
ROUTE_035,09:19,2,0
ROUTE_035,09:20,2,0
ROUTE_035,09:21,1,0
ROUTE_035,09:22,1,0
ROUTE_035,09:23,1,0
ROUTE_036,09:00,0,0
ROUTE_036,09:01,1,0
ROUTE_036,09:02,1,0
ROUTE_036,09:03,1,0
ROUTE_036,09:04,1,0
ROUTE_036,09:05,1,0
ROUTE_036,09:06,1,0
ROUTE_036,09:07,1,0
ROUTE_036,09:08,2,0
ROUTE_036,09:09,2,0
ROUTE_036,09:10,2,0
ROUTE_036,09:11,1,0
ROUTE_036,09:12,1,0
ROUTE_036,09:13,1,0
ROUTE_036,09:14,1,0
ROUTE_036,09:15,1,0
ROUTE_036,09:16,1,0
ROUTE_036,09:17,1,0
ROUTE_036,09:18,0,0
ROUTE_036,09:19,1,0
ROUTE_036,09:20,1,0
ROUTE_036,09:21,1,0
ROUTE_036,09:22,1,0
ROUTE_036,09:23,1,0
ROUTE_036,09:24,1,0
ROUTE_036,09:25,1,0
ROUTE_036,09:26,1,0
ROUTE_036,09:27,1,0
ROUTE_036,09:28,1,0
ROUTE_037,09:00,0,0
ROUTE_037,09:01,0,0
ROUTE_037,09:02,1,0
ROUTE_037,09:03,2,0
ROUTE_037,09:04,2,0
ROUTE_037,09:05,2,0
ROUTE_037,09:06,2,0
ROUTE_037,09:07,2,0
ROUTE_037,09:08,3,0
ROUTE_037,09:09,3,0
ROUTE_037,09:10,3,0
ROUTE_037,09:11,3,1
ROUTE_037,09:12,2,1
ROUTE_037,09:13,1,1
ROUTE_037,09:14,1,1
ROUTE_037,09:15,1,1
ROUTE_037,09:16,1,1
ROUTE_037,09:17,1,1
ROUTE_037,09:18,0,1
ROUTE_037,09:19,0,1
ROUTE_037,09:20,1,1
ROUTE_037,09:21,2,1
ROUTE_038,09:00,0,0
ROUTE_038,09:01,0,0
ROUTE_038,09:02,0,0
ROUTE_038,09:03,0,0
ROUTE_038,09:04,0,0
ROUTE_038,09:05,1,0
ROUTE_038,09:06,1,0
ROUTE_038,09:07,2,0
ROUTE_038,09:08,3,0
ROUTE_038,09:09,4,0
ROUTE_038,09:10,4,0
ROUTE_038,09:11,4,0
ROUTE_038,09:12,4,0
ROUTE_038,09:13,4,0
ROUTE_038,09:14,4,0
ROUTE_038,09:15,3,0
ROUTE_038,09:16,4,0
ROUTE_038,09:17,3,0
ROUTE_038,09:18,2,0
ROUTE_038,09:19,1,1
ROUTE_038,09:20,1,1
ROUTE_038,09:21,1,1
ROUTE_039,09:00,0,0
ROUTE_039,09:01,0,0
ROUTE_039,09:02,0,0
ROUTE_039,09:03,0,0
ROUTE_039,09:04,0,0
ROUTE_039,09:05,0,0
ROUTE_039,09:06,0,0
ROUTE_039,09:07,1,0
ROUTE_039,09:08,1,0
ROUTE_039,09:09,1,0
ROUTE_039,09:10,1,0
ROUTE_039,09:11,1,0
ROUTE_039,09:12,1,0
ROUTE_039,09:13,1,0
ROUTE_039,09:14,2,0
ROUTE_039,09:15,2,0
ROUTE_039,09:16,3,0
ROUTE_039,09:17,2,0
ROUTE_039,09:18,2,0
ROUTE_039,09:19,2,0
ROUTE_039,09:20,2,0
ROUTE_039,09:21,2,0
ROUTE_039,09:22,2,0
ROUTE_039,09:23,2,0
ROUTE_039,09:24,1,0
ROUTE_039,09:25,1,0
ROUTE_039,09:26,1,0
ROUTE_039,09:27,1,0
ROUTE_039,09:28,1,0
ROUTE_039,09:29,1,0
ROUTE_040,09:00,0,0
ROUTE_040,09:01,0,0
ROUTE_040,09:02,0,0
ROUTE_040,09:03,0,0
ROUTE_040,09:04,0,0
ROUTE_040,09:05,0,0
ROUTE_040,09:06,0,0
ROUTE_040,09:07,0,0
ROUTE_040,09:08,0,0
ROUTE_040,09:09,0,0
ROUTE_040,09:10,0,0
ROUTE_040,09:11,0,0
ROUTE_040,09:12,1,0
ROUTE_040,09:13,1,0
ROUTE_040,09:14,2,0
ROUTE_040,09:15,2,0
ROUTE_040,09:16,2,0
ROUTE_040,09:17,2,0
ROUTE_040,09:18,2,0
ROUTE_040,09:19,2,0
ROUTE_040,09:20,2,0
ROUTE_040,09:21,3,0
ROUTE_041,09:00,0,0
ROUTE_041,09:01,0,0
ROUTE_041,09:02,1,0
ROUTE_041,09:03,1,0
ROUTE_041,09:04,2,0
ROUTE_041,09:05,2,0
ROUTE_041,09:06,2,0
ROUTE_041,09:07,2,0
ROUTE_041,09:08,2,0
ROUTE_041,09:09,2,0
ROUTE_041,09:10,2,0
ROUTE_041,09:11,2,0
ROUTE_041,09:12,1,0
ROUTE_041,09:13,1,0
ROUTE_041,09:14,0,0
ROUTE_041,09:15,0,0
ROUTE_041,09:16,0,0
ROUTE_041,09:17,0,0
ROUTE_041,09:18,0,0
ROUTE_041,09:19,0,0
ROUTE_041,09:20,0,0
ROUTE_041,09:21,1,0
ROUTE_041,09:22,2,0
ROUTE_041,09:23,2,0
ROUTE_041,09:24,2,0
ROUTE_041,09:25,2,0
ROUTE_041,09:26,2,0
ROUTE_042,09:00,0,0
ROUTE_042,09:01,0,0
ROUTE_042,09:02,0,0
ROUTE_042,09:03,0,0
ROUTE_042,09:04,1,0
ROUTE_042,09:05,1,0
ROUTE_042,09:06,1,0
ROUTE_042,09:07,2,1
ROUTE_042,09:08,3,1
ROUTE_042,09:09,3,1
ROUTE_042,09:10,3,1
ROUTE_042,09:11,4,1
ROUTE_042,09:12,4,1
ROUTE_042,09:13,4,1
ROUTE_042,09:14,3,1
ROUTE_042,09:15,3,1
ROUTE_042,09:16,3,1
ROUTE_042,09:17,2,1
ROUTE_042,09:18,1,1
ROUTE_042,09:19,1,1
ROUTE_042,09:20,1,1
ROUTE_042,09:21,0,1
ROUTE_042,09:22,0,0
ROUTE_042,09:23,0,0
ROUTE_042,09:24,0,0
ROUTE_042,09:25,0,0
ROUTE_042,09:26,1,0
ROUTE_043,09:00,0,0
ROUTE_043,09:01,0,0
ROUTE_043,09:02,0,0
ROUTE_043,09:03,0,0
ROUTE_043,09:04,0,0
ROUTE_043,09:05,0,0
ROUTE_043,09:06,1,0
ROUTE_043,09:07,1,0
ROUTE_043,09:08,1,0
ROUTE_043,09:09,2,0
ROUTE_043,09:10,2,0
ROUTE_043,09:11,2,0
ROUTE_043,09:12,2,0
ROUTE_043,09:13,2,0
ROUTE_043,09:14,3,0
ROUTE_043,09:15,4,0
ROUTE_043,09:16,3,0
ROUTE_043,09:17,3,0
ROUTE_043,09:18,3,0
ROUTE_043,09:19,2,0
ROUTE_043,09:20,2,0
ROUTE_043,09:21,2,0
ROUTE_043,09:22,2,0
ROUTE_043,09:23,2,0
ROUTE_043,09:24,1,0
ROUTE_043,09:25,0,0
ROUTE_043,09:26,0,0
ROUTE_043,09:27,0,0
ROUTE_043,09:28,0,0
ROUTE_044,09:00,0,0
ROUTE_044,09:01,0,0
ROUTE_044,09:02,0,0
ROUTE_044,09:03,0,0
ROUTE_044,09:04,1,0
ROUTE_044,09:05,1,0
ROUTE_044,09:06,1,0
ROUTE_044,09:07,1,0
ROUTE_044,09:08,1,0
ROUTE_044,09:09,1,0
ROUTE_044,09:10,1,0
ROUTE_044,09:11,1,0
ROUTE_044,09:12,1,0
ROUTE_044,09:13,1,0
ROUTE_044,09:14,0,0
ROUTE_044,09:15,1,0
ROUTE_044,09:16,1,0
ROUTE_044,09:17,1,0
ROUTE_044,09:18,2,0
ROUTE_044,09:19,2,0
ROUTE_044,09:20,2,0
ROUTE_044,09:21,2,0
ROUTE_044,09:22,2,0
ROUTE_044,09:23,2,0
ROUTE_045,09:00,0,0
ROUTE_045,09:01,1,0
ROUTE_045,09:02,1,0
ROUTE_045,09:03,2,0
ROUTE_045,09:04,2,0
ROUTE_045,09:05,2,0
ROUTE_045,09:06,3,0
ROUTE_045,09:07,3,0
ROUTE_045,09:08,4,0
ROUTE_045,09:09,4,0
ROUTE_045,09:10,4,0
ROUTE_045,09:11,3,0
ROUTE_045,09:12,3,0
ROUTE_045,09:13,2,0
ROUTE_045,09:14,2,1
ROUTE_045,09:15,2,1
ROUTE_045,09:16,1,1
ROUTE_045,09:17,1,1
ROUTE_045,09:18,1,1
ROUTE_045,09:19,1,1
ROUTE_045,09:20,1,1
ROUTE_046,09:00,0,0
ROUTE_046,09:01,1,0
ROUTE_046,09:02,2,0
ROUTE_046,09:03,2,0
ROUTE_046,09:04,2,0
ROUTE_046,09:05,2,0
ROUTE_046,09:06,3,0
ROUTE_046,09:07,3,0
ROUTE_046,09:08,3,0
ROUTE_046,09:09,3,0
ROUTE_046,09:10,3,0
ROUTE_046,09:11,2,0
ROUTE_046,09:12,1,0
ROUTE_046,09:13,2,0
ROUTE_046,09:14,2,0
ROUTE_046,09:15,2,0
ROUTE_046,09:16,1,0
ROUTE_046,09:17,1,0
ROUTE_046,09:18,1,0
ROUTE_046,09:19,1,0
ROUTE_046,09:20,1,0
ROUTE_046,09:21,1,0
ROUTE_046,09:22,1,0
ROUTE_046,09:23,0,0
ROUTE_046,09:24,0,0
ROUTE_046,09:25,0,0
ROUTE_046,09:26,0,0
ROUTE_046,09:27,0,0
ROUTE_047,09:00,0,0
ROUTE_047,09:01,0,0
ROUTE_047,09:02,0,0
ROUTE_047,09:03,0,0
ROUTE_047,09:04,0,0
ROUTE_047,09:05,0,0
ROUTE_047,09:06,0,0
ROUTE_047,09:07,0,0
ROUTE_047,09:08,0,0
ROUTE_047,09:09,0,0
ROUTE_047,09:10,1,0
ROUTE_047,09:11,1,0
ROUTE_047,09:12,1,0
ROUTE_047,09:13,1,0
ROUTE_047,09:14,2,0
ROUTE_047,09:15,2,0
ROUTE_047,09:16,2,0
ROUTE_047,09:17,2,0
ROUTE_047,09:18,2,0
ROUTE_047,09:19,2,0
ROUTE_047,09:20,1,0
ROUTE_047,09:21,1,0
ROUTE_047,09:22,1,0
ROUTE_047,09:23,2,0
ROUTE_047,09:24,2,0
ROUTE_047,09:25,2,0
ROUTE_047,09:26,2,1
ROUTE_048,09:00,0,0
ROUTE_048,09:01,0,0
ROUTE_048,09:02,0,0
ROUTE_048,09:03,0,0
ROUTE_048,09:04,0,0
ROUTE_048,09:05,1,0
ROUTE_048,09:06,1,0
ROUTE_048,09:07,2,1
ROUTE_048,09:08,2,1
ROUTE_048,09:09,2,1
ROUTE_048,09:10,3,1
ROUTE_048,09:11,3,1
ROUTE_048,09:12,3,1
ROUTE_048,09:13,3,1
ROUTE_048,09:14,3,1
ROUTE_048,09:15,2,1
ROUTE_048,09:16,3,1
ROUTE_048,09:17,2,1
ROUTE_048,09:18,2,1
ROUTE_048,09:19,2,1
ROUTE_048,09:20,1,1
ROUTE_048,09:21,1,1
ROUTE_048,09:22,1,0
ROUTE_048,09:23,2,0
ROUTE_048,09:24,2,0
ROUTE_048,09:25,2,0
ROUTE_048,09:26,1,0
ROUTE_048,09:27,1,0
ROUTE_048,09:28,1,0
ROUTE_049,09:00,0,0
ROUTE_049,09:01,0,0
ROUTE_049,09:02,1,0
ROUTE_049,09:03,1,0
ROUTE_049,09:04,1,0
ROUTE_049,09:05,1,0
ROUTE_049,09:06,1,0
ROUTE_049,09:07,1,0
ROUTE_049,09:08,1,0
ROUTE_049,09:09,1,0
ROUTE_049,09:10,1,0
ROUTE_049,09:11,2,0
ROUTE_049,09:12,1,0
ROUTE_049,09:13,1,0
ROUTE_049,09:14,1,0
ROUTE_049,09:15,1,0
ROUTE_049,09:16,1,0
ROUTE_049,09:17,2,0
ROUTE_049,09:18,3,0
ROUTE_049,09:19,4,1
ROUTE_049,09:20,4,1
ROUTE_050,09:00,0,0
ROUTE_050,09:01,0,0
ROUTE_050,09:02,1,0
ROUTE_050,09:03,2,1
ROUTE_050,09:04,2,1
ROUTE_050,09:05,2,1
ROUTE_050,09:06,3,1
ROUTE_050,09:07,3,1
ROUTE_050,09:08,3,1
ROUTE_050,09:09,3,1
ROUTE_050,09:10,3,1
ROUTE_050,09:11,3,1
ROUTE_050,09:12,2,1
ROUTE_050,09:13,1,1
ROUTE_050,09:14,1,1
ROUTE_050,09:15,1,1
ROUTE_050,09:16,0,1
ROUTE_050,09:17,1,1
ROUTE_050,09:18,1,0
ROUTE_050,09:19,1,0
ROUTE_050,09:20,2,0
ROUTE_050,09:21,2,0
ROUTE_050,09:22,2,0
ROUTE_050,09:23,2,0
ROUTE_050,09:24,2,0
ROUTE_050,09:25,2,0
ROUTE_050,09:26,2,0
ROUTE_050,09:27,1,0
ROUTE_051,09:00,0,0
ROUTE_051,09:01,0,0
ROUTE_051,09:02,0,0
ROUTE_051,09:03,0,0
ROUTE_051,09:04,1,0
ROUTE_051,09:05,1,0
ROUTE_051,09:06,1,0
ROUTE_051,09:07,1,0
ROUTE_051,09:08,1,0
ROUTE_051,09:09,1,0
ROUTE_051,09:10,1,0
ROUTE_051,09:11,1,0
ROUTE_051,09:12,1,0
ROUTE_051,09:13,2,0
ROUTE_051,09:14,1,0
ROUTE_051,09:15,1,0
ROUTE_051,09:16,1,0
ROUTE_051,09:17,1,0
ROUTE_051,09:18,1,0
ROUTE_051,09:19,1,0
ROUTE_051,09:20,1,0
ROUTE_051,09:21,1,0
ROUTE_051,09:22,1,0
ROUTE_051,09:23,0,0
ROUTE_051,09:24,0,0
ROUTE_051,09:25,0,0
ROUTE_051,09:26,0,0
ROUTE_051,09:27,0,0
ROUTE_051,09:28,0,0
ROUTE_051,09:29,1,0
ROUTE_051,09:30,1,0
ROUTE_052,09:00,0,0
ROUTE_052,09:01,0,0
ROUTE_052,09:02,1,0
ROUTE_052,09:03,1,0
ROUTE_052,09:04,1,0
ROUTE_052,09:05,1,0
ROUTE_052,09:06,1,0
ROUTE_052,09:07,1,0
ROUTE_052,09:08,1,0
ROUTE_052,09:09,1,0
ROUTE_052,09:10,1,0
ROUTE_052,09:11,1,0
ROUTE_052,09:12,0,0
ROUTE_052,09:13,0,0
ROUTE_052,09:14,0,0
ROUTE_052,09:15,0,0
ROUTE_052,09:16,0,0
ROUTE_052,09:17,0,0
ROUTE_052,09:18,0,0
ROUTE_052,09:19,1,0
ROUTE_052,09:20,2,0
ROUTE_052,09:21,2,0
ROUTE_052,09:22,2,0
ROUTE_052,09:23,2,0
ROUTE_052,09:24,2,0
ROUTE_052,09:25,2,0
ROUTE_052,09:26,2,0
ROUTE_052,09:27,2,0
ROUTE_052,09:28,2,0
ROUTE_052,09:29,1,0
ROUTE_053,09:00,0,0
ROUTE_053,09:01,0,0
ROUTE_053,09:02,0,0
ROUTE_053,09:03,0,0
ROUTE_053,09:04,0,0
ROUTE_053,09:05,0,0
ROUTE_053,09:06,0,0
ROUTE_053,09:07,0,0
ROUTE_053,09:08,0,0
ROUTE_053,09:09,0,0
ROUTE_053,09:10,0,0
ROUTE_053,09:11,0,0
ROUTE_053,09:12,0,0
ROUTE_053,09:13,0,0
ROUTE_053,09:14,1,0
ROUTE_053,09:15,1,0
ROUTE_053,09:16,1,0
ROUTE_053,09:17,1,0
ROUTE_053,09:18,1,0
ROUTE_053,09:19,2,0
ROUTE_053,09:20,2,0
ROUTE_053,09:21,2,0
ROUTE_053,09:22,3,0
ROUTE_053,09:23,3,0
ROUTE_053,09:24,2,0
ROUTE_053,09:25,2,0
ROUTE_053,09:26,2,0
ROUTE_053,09:27,2,0
ROUTE_053,09:28,2,0
ROUTE_053,09:29,1,0
ROUTE_054,09:00,0,0
ROUTE_054,09:01,0,0
ROUTE_054,09:02,0,0
ROUTE_054,09:03,0,0
ROUTE_054,09:04,0,0
ROUTE_054,09:05,0,0
ROUTE_054,09:06,0,0
ROUTE_054,09:07,1,0
ROUTE_054,09:08,1,0
ROUTE_054,09:09,2,0
ROUTE_054,09:10,2,0
ROUTE_054,09:11,3,1
ROUTE_054,09:12,3,1
ROUTE_054,09:13,3,1
ROUTE_054,09:14,3,1
ROUTE_054,09:15,3,1
ROUTE_054,09:16,3,1
ROUTE_054,09:17,2,1
ROUTE_054,09:18,2,1
ROUTE_054,09:19,1,1
ROUTE_054,09:20,1,1
ROUTE_054,09:21,0,1
ROUTE_054,09:22,1,1
ROUTE_054,09:23,2,1
ROUTE_054,09:24,2,1
ROUTE_054,09:25,2,1
ROUTE_054,09:26,2,0
ROUTE_054,09:27,2,0
ROUTE_054,09:28,2,0
ROUTE_054,09:29,2,0
ROUTE_055,09:00,0,0
ROUTE_055,09:01,0,0
ROUTE_055,09:02,0,0
ROUTE_055,09:03,0,0
ROUTE_055,09:04,0,0
ROUTE_055,09:05,1,0
ROUTE_055,09:06,1,0
ROUTE_055,09:07,1,0
ROUTE_055,09:08,1,0
ROUTE_055,09:09,1,0
ROUTE_055,09:10,2,0
ROUTE_055,09:11,2,0
ROUTE_055,09:12,2,0
ROUTE_055,09:13,2,0
ROUTE_055,09:14,2,0
ROUTE_055,09:15,1,1
ROUTE_055,09:16,1,1
ROUTE_055,09:17,1,1
ROUTE_055,09:18,1,1
ROUTE_055,09:19,1,1
ROUTE_055,09:20,0,1
ROUTE_055,09:21,1,1
ROUTE_055,09:22,2,1
ROUTE_055,09:23,2,1
ROUTE_056,09:00,0,0
ROUTE_056,09:01,1,0
ROUTE_056,09:02,1,0
ROUTE_056,09:03,1,0
ROUTE_056,09:04,1,0
ROUTE_056,09:05,1,0
ROUTE_056,09:06,1,0
ROUTE_056,09:07,1,0
ROUTE_056,09:08,1,0
ROUTE_056,09:09,1,0
ROUTE_056,09:10,1,0
ROUTE_056,09:11,0,0
ROUTE_056,09:12,0,0
ROUTE_056,09:13,0,0
ROUTE_056,09:14,0,0
ROUTE_056,09:15,1,0
ROUTE_056,09:16,1,0
ROUTE_056,09:17,1,0
ROUTE_056,09:18,1,0
ROUTE_056,09:19,1,0
ROUTE_056,09:20,2,0
ROUTE_056,09:21,2,0
ROUTE_056,09:22,2,0
ROUTE_056,09:23,2,0
ROUTE_056,09:24,2,0
ROUTE_056,09:25,1,0
ROUTE_057,09:00,0,0
ROUTE_057,09:01,0,0
ROUTE_057,09:02,0,0
ROUTE_057,09:03,1,0
ROUTE_057,09:04,1,0
ROUTE_057,09:05,1,0
ROUTE_057,09:06,1,0
ROUTE_057,09:07,2,0
ROUTE_057,09:08,2,0
ROUTE_057,09:09,2,0
ROUTE_057,09:10,2,0
ROUTE_057,09:11,2,0
ROUTE_057,09:12,2,0
ROUTE_057,09:13,1,0
ROUTE_057,09:14,1,0
ROUTE_057,09:15,1,0
ROUTE_057,09:16,1,0
ROUTE_057,09:17,0,0
ROUTE_057,09:18,1,0
ROUTE_057,09:19,1,0
ROUTE_057,09:20,1,0
ROUTE_057,09:21,1,0
ROUTE_057,09:22,1,0
ROUTE_057,09:23,1,0
ROUTE_057,09:24,1,0
ROUTE_057,09:25,1,0
ROUTE_057,09:26,1,0
ROUTE_057,09:27,1,0
ROUTE_057,09:28,0,0
ROUTE_057,09:29,0,0
ROUTE_058,09:00,0,0
ROUTE_058,09:01,0,0
ROUTE_058,09:02,0,0
ROUTE_058,09:03,1,0
ROUTE_058,09:04,1,0
ROUTE_058,09:05,1,0
ROUTE_058,09:06,1,0
ROUTE_058,09:07,1,0
ROUTE_058,09:08,2,0
ROUTE_058,09:09,2,0
ROUTE_058,09:10,3,0
ROUTE_058,09:11,3,0
ROUTE_058,09:12,4,0
ROUTE_058,09:13,3,0
ROUTE_058,09:14,3,0
ROUTE_058,09:15,3,0
ROUTE_058,09:16,3,0
ROUTE_058,09:17,3,0
ROUTE_058,09:18,2,0
ROUTE_058,09:19,2,0
ROUTE_058,09:20,1,0
ROUTE_058,09:21,1,0
ROUTE_058,09:22,0,0
ROUTE_058,09:23,0,0
ROUTE_058,09:24,0,0
ROUTE_058,09:25,0,0
ROUTE_058,09:26,0,0
ROUTE_058,09:27,0,0
ROUTE_058,09:28,0,0
ROUTE_059,09:00,0,0
ROUTE_059,09:01,1,0
ROUTE_059,09:02,1,0
ROUTE_059,09:03,1,0
ROUTE_059,09:04,1,0
ROUTE_059,09:05,1,0
ROUTE_059,09:06,1,0
ROUTE_059,09:07,1,0
ROUTE_059,09:08,1,0
ROUTE_059,09:09,1,0
ROUTE_059,09:10,1,0
ROUTE_059,09:11,0,0
ROUTE_059,09:12,0,0
ROUTE_059,09:13,0,0
ROUTE_059,09:14,0,0
ROUTE_059,09:15,0,0
ROUTE_059,09:16,0,0
ROUTE_059,09:17,1,0
ROUTE_059,09:18,1,0
ROUTE_059,09:19,1,0
ROUTE_059,09:20,2,0
ROUTE_059,09:21,3,0
ROUTE_059,09:22,3,1
ROUTE_060,09:00,0,0
ROUTE_060,09:01,0,0
ROUTE_060,09:02,0,0
ROUTE_060,09:03,0,0
ROUTE_060,09:04,1,0
ROUTE_060,09:05,2,0
ROUTE_060,09:06,2,0
ROUTE_060,09:07,2,0
ROUTE_060,09:08,2,0
ROUTE_060,09:09,3,0
ROUTE_060,09:10,3,0
ROUTE_060,09:11,3,0
ROUTE_060,09:12,3,0
ROUTE_060,09:13,3,0
ROUTE_060,09:14,2,0
ROUTE_060,09:15,1,0
ROUTE_060,09:16,1,0
ROUTE_060,09:17,1,0
ROUTE_060,09:18,1,0
ROUTE_060,09:19,0,0
ROUTE_060,09:20,0,0
ROUTE_060,09:21,0,0
ROUTE_060,09:22,0,0
ROUTE_060,09:23,0,0
ROUTE_060,09:24,1,0
ROUTE_060,09:25,1,0
ROUTE_060,09:26,1,0
ROUTE_060,09:27,1,0
ROUTE_060,09:28,1,0
ROUTE_061,09:00,0,0
ROUTE_061,09:01,0,0
ROUTE_061,09:02,0,0
ROUTE_061,09:03,0,0
ROUTE_061,09:04,0,0
ROUTE_061,09:05,0,0
ROUTE_061,09:06,0,0
ROUTE_061,09:07,0,0
ROUTE_061,09:08,0,0
ROUTE_061,09:09,1,0
ROUTE_061,09:10,2,0
ROUTE_061,09:11,2,0
ROUTE_061,09:12,2,0
ROUTE_061,09:13,2,0
ROUTE_061,09:14,2,0
ROUTE_061,09:15,2,0
ROUTE_061,09:16,2,0
ROUTE_061,09:17,2,0
ROUTE_061,09:18,2,0
ROUTE_061,09:19,1,0
ROUTE_061,09:20,1,0
ROUTE_061,09:21,1,0
ROUTE_061,09:22,1,0
ROUTE_061,09:23,1,0
ROUTE_061,09:24,1,0
ROUTE_061,09:25,1,0
ROUTE_061,09:26,1,0
ROUTE_061,09:27,1,0
ROUTE_061,09:28,1,0
ROUTE_062,09:00,0,0
ROUTE_062,09:01,0,0
ROUTE_062,09:02,0,0
ROUTE_062,09:03,0,0
ROUTE_062,09:04,0,0
ROUTE_062,09:05,0,0
ROUTE_062,09:06,0,0
ROUTE_062,09:07,1,0
ROUTE_062,09:08,1,0
ROUTE_062,09:09,2,0
ROUTE_062,09:10,2,0
ROUTE_062,09:11,3,0
ROUTE_062,09:12,3,0
ROUTE_062,09:13,3,0
ROUTE_062,09:14,3,0
ROUTE_062,09:15,3,0
ROUTE_062,09:16,3,0
ROUTE_062,09:17,2,1
ROUTE_062,09:18,2,1
ROUTE_062,09:19,1,1
ROUTE_062,09:20,1,1
ROUTE_062,09:21,1,1
ROUTE_062,09:22,2,1
ROUTE_062,09:23,2,1
ROUTE_063,09:00,0,0
ROUTE_063,09:01,0,0
ROUTE_063,09:02,0,0
ROUTE_063,09:03,1,0
ROUTE_063,09:04,1,0
ROUTE_063,09:05,1,0
ROUTE_063,09:06,1,0
ROUTE_063,09:07,1,0
ROUTE_063,09:08,1,0
ROUTE_063,09:09,1,0
ROUTE_063,09:10,1,0
ROUTE_063,09:11,1,0
ROUTE_063,09:12,1,0
ROUTE_063,09:13,0,0
ROUTE_063,09:14,1,0
ROUTE_063,09:15,1,0
ROUTE_063,09:16,1,0
ROUTE_063,09:17,1,0
ROUTE_063,09:18,1,0
ROUTE_063,09:19,1,0
ROUTE_063,09:20,1,0
ROUTE_063,09:21,2,0
ROUTE_063,09:22,2,0
ROUTE_063,09:23,2,0
ROUTE_063,09:24,1,0
ROUTE_063,09:25,1,0
ROUTE_063,09:26,1,0
ROUTE_063,09:27,2,0
ROUTE_064,09:00,0,0
ROUTE_064,09:01,1,0
ROUTE_064,09:02,1,0
ROUTE_064,09:03,1,0
ROUTE_064,09:04,1,0
ROUTE_064,09:05,2,0
ROUTE_064,09:06,2,0
ROUTE_064,09:07,2,0
ROUTE_064,09:08,2,0
ROUTE_064,09:09,2,0
ROUTE_064,09:10,2,0
ROUTE_064,09:11,2,0
ROUTE_064,09:12,2,0
ROUTE_064,09:13,2,0
ROUTE_064,09:14,2,0
ROUTE_064,09:15,1,0
ROUTE_064,09:16,1,0
ROUTE_064,09:17,1,0
ROUTE_064,09:18,1,0
ROUTE_064,09:19,1,0
ROUTE_064,09:20,1,0
ROUTE_064,09:21,0,0
ROUTE_064,09:22,0,0
ROUTE_064,09:23,0,0
ROUTE_064,09:24,0,0
ROUTE_065,09:00,0,0
ROUTE_065,09:01,0,0
ROUTE_065,09:02,0,0
ROUTE_065,09:03,0,0
ROUTE_065,09:04,0,0
ROUTE_065,09:05,0,0
ROUTE_065,09:06,0,0
ROUTE_065,09:07,0,0
ROUTE_065,09:08,0,0
ROUTE_065,09:09,0,0
ROUTE_065,09:10,0,0
ROUTE_065,09:11,0,0
ROUTE_065,09:12,0,0
ROUTE_065,09:13,0,0
ROUTE_065,09:14,0,0
ROUTE_065,09:15,1,0
ROUTE_065,09:16,1,0
ROUTE_065,09:17,1,0
ROUTE_065,09:18,2,0
ROUTE_065,09:19,2,0
ROUTE_065,09:20,2,0
ROUTE_065,09:21,2,0
ROUTE_065,09:22,2,0
ROUTE_065,09:23,3,0
ROUTE_065,09:24,4,0
ROUTE_065,09:25,3,0
ROUTE_065,09:26,3,0
ROUTE_065,09:27,3,0
ROUTE_065,09:28,2,0
ROUTE_065,09:29,2,0
ROUTE_065,09:30,2,0
ROUTE_066,09:00,0,0
ROUTE_066,09:01,1,0
ROUTE_066,09:02,1,0
ROUTE_066,09:03,2,0
ROUTE_066,09:04,3,0
ROUTE_066,09:05,4,0
ROUTE_066,09:06,4,0
ROUTE_066,09:07,4,0
ROUTE_066,09:08,4,0
ROUTE_066,09:09,4,0
ROUTE_066,09:10,4,0
ROUTE_066,09:11,3,0
ROUTE_066,09:12,3,0
ROUTE_066,09:13,2,0
ROUTE_066,09:14,1,0
ROUTE_066,09:15,0,0
ROUTE_066,09:16,0,0
ROUTE_066,09:17,0,0
ROUTE_066,09:18,0,1
ROUTE_066,09:19,0,1
ROUTE_066,09:20,0,1
ROUTE_066,09:21,0,1
ROUTE_066,09:22,0,1
ROUTE_066,09:23,1,1
ROUTE_066,09:24,1,1
ROUTE_066,09:25,1,1
ROUTE_066,09:26,1,1
ROUTE_067,09:00,0,0
ROUTE_067,09:01,0,0
ROUTE_067,09:02,1,0
ROUTE_067,09:03,1,0
ROUTE_067,09:04,1,0
ROUTE_067,09:05,2,0
ROUTE_067,09:06,2,0
ROUTE_067,09:07,2,0
ROUTE_067,09:08,2,0
ROUTE_067,09:09,2,0
ROUTE_067,09:10,3,0
ROUTE_067,09:11,3,0
ROUTE_067,09:12,2,0
ROUTE_067,09:13,2,0
ROUTE_067,09:14,3,0
ROUTE_067,09:15,2,0
ROUTE_067,09:16,2,0
ROUTE_067,09:17,2,0
ROUTE_067,09:18,2,0
ROUTE_067,09:19,2,0
ROUTE_067,09:20,1,0
ROUTE_068,09:00,0,0
ROUTE_068,09:01,0,0
ROUTE_068,09:02,0,0
ROUTE_068,09:03,0,0
ROUTE_068,09:04,0,0
ROUTE_068,09:05,0,0
ROUTE_068,09:06,0,0
ROUTE_068,09:07,1,0
ROUTE_068,09:08,1,0
ROUTE_068,09:09,1,0
ROUTE_068,09:10,1,0
ROUTE_068,09:11,1,0
ROUTE_068,09:12,2,0
ROUTE_068,09:13,2,0
ROUTE_068,09:14,2,0
ROUTE_068,09:15,2,0
ROUTE_068,09:16,2,0
ROUTE_068,09:17,1,0
ROUTE_068,09:18,1,0
ROUTE_068,09:19,1,0
ROUTE_068,09:20,1,0
ROUTE_068,09:21,1,0
ROUTE_068,09:22,1,0
ROUTE_068,09:23,1,0
ROUTE_068,09:24,1,0
ROUTE_068,09:25,1,0
ROUTE_069,09:00,0,0
ROUTE_069,09:01,0,0
ROUTE_069,09:02,0,0
ROUTE_069,09:03,0,0
ROUTE_069,09:04,1,0
ROUTE_069,09:05,1,1
ROUTE_069,09:06,1,1
ROUTE_069,09:07,1,1
ROUTE_069,09:08,1,1
ROUTE_069,09:09,1,1
ROUTE_069,09:10,1,1
ROUTE_069,09:11,1,1
ROUTE_069,09:12,2,1
ROUTE_069,09:13,2,1
ROUTE_069,09:14,2,1
ROUTE_069,09:15,2,1
ROUTE_069,09:16,2,1
ROUTE_069,09:17,2,1
ROUTE_069,09:18,3,1
ROUTE_069,09:19,3,1
ROUTE_069,09:20,4,0
ROUTE_069,09:21,4,0
ROUTE_069,09:22,3,0
ROUTE_069,09:23,3,0
ROUTE_070,09:00,0,0
ROUTE_070,09:01,1,0
ROUTE_070,09:02,1,0
ROUTE_070,09:03,1,0
ROUTE_070,09:04,1,0
ROUTE_070,09:05,1,0
ROUTE_070,09:06,2,0
ROUTE_070,09:07,2,0
ROUTE_070,09:08,2,0
ROUTE_070,09:09,2,0
ROUTE_070,09:10,2,0
ROUTE_070,09:11,1,0
ROUTE_070,09:12,1,0
ROUTE_070,09:13,1,0
ROUTE_070,09:14,2,0
ROUTE_070,09:15,2,0
ROUTE_070,09:16,1,0
ROUTE_070,09:17,1,0
ROUTE_070,09:18,1,0
ROUTE_070,09:19,1,0
ROUTE_070,09:20,1,0
ROUTE_070,09:21,1,0
ROUTE_070,09:22,1,0
ROUTE_070,09:23,1,0
ROUTE_071,09:00,0,0
ROUTE_071,09:01,0,0
ROUTE_071,09:02,0,0
ROUTE_071,09:03,0,0
ROUTE_071,09:04,0,0
ROUTE_071,09:05,0,0
ROUTE_071,09:06,0,1
ROUTE_071,09:07,0,1
ROUTE_071,09:08,1,1
ROUTE_071,09:09,2,1
ROUTE_071,09:10,2,1
ROUTE_071,09:11,3,1
ROUTE_071,09:12,3,1
ROUTE_071,09:13,3,1
ROUTE_071,09:14,4,1
ROUTE_071,09:15,4,1
ROUTE_071,09:16,4,1
ROUTE_071,09:17,4,1
ROUTE_071,09:18,3,1
ROUTE_071,09:19,2,1
ROUTE_071,09:20,2,1
ROUTE_071,09:21,1,0
ROUTE_071,09:22,2,0
ROUTE_072,09:00,0,0
ROUTE_072,09:01,0,0
ROUTE_072,09:02,0,0
ROUTE_072,09:03,0,0
ROUTE_072,09:04,0,0
ROUTE_072,09:05,0,0
ROUTE_072,09:06,0,0
ROUTE_072,09:07,1,0
ROUTE_072,09:08,2,0
ROUTE_072,09:09,2,0
ROUTE_072,09:10,2,0
ROUTE_072,09:11,2,0
ROUTE_072,09:12,2,0
ROUTE_072,09:13,2,0
ROUTE_072,09:14,2,0
ROUTE_072,09:15,3,0
ROUTE_072,09:16,4,0
ROUTE_072,09:17,3,0
ROUTE_072,09:18,2,0
ROUTE_072,09:19,2,0
ROUTE_072,09:20,2,0
ROUTE_072,09:21,2,0
ROUTE_073,09:00,0,0
ROUTE_073,09:01,1,0
ROUTE_073,09:02,1,0
ROUTE_073,09:03,1,0
ROUTE_073,09:04,1,0
ROUTE_073,09:05,1,0
ROUTE_073,09:06,1,0
ROUTE_073,09:07,2,0
ROUTE_073,09:08,3,0
ROUTE_073,09:09,3,0
ROUTE_073,09:10,3,0
ROUTE_073,09:11,2,0
ROUTE_073,09:12,2,0
ROUTE_073,09:13,2,0
ROUTE_073,09:14,2,0
ROUTE_073,09:15,2,0
ROUTE_073,09:16,2,0
ROUTE_073,09:17,1,0
ROUTE_073,09:18,0,0
ROUTE_073,09:19,0,0
ROUTE_073,09:20,0,0
ROUTE_073,09:21,0,0
ROUTE_073,09:22,1,0
ROUTE_073,09:23,1,0
ROUTE_073,09:24,1,0
ROUTE_073,09:25,1,0
ROUTE_074,09:00,0,0
ROUTE_074,09:01,0,0
ROUTE_074,09:02,0,0
ROUTE_074,09:03,1,0
ROUTE_074,09:04,1,0
ROUTE_074,09:05,1,0
ROUTE_074,09:06,1,0
ROUTE_074,09:07,1,0
ROUTE_074,09:08,1,0
ROUTE_074,09:09,2,0
ROUTE_074,09:10,2,0
ROUTE_074,09:11,2,0
ROUTE_074,09:12,3,0
ROUTE_074,09:13,2,0
ROUTE_074,09:14,2,0
ROUTE_074,09:15,2,0
ROUTE_074,09:16,2,0
ROUTE_074,09:17,2,0
ROUTE_074,09:18,2,0
ROUTE_074,09:19,1,0
ROUTE_074,09:20,1,0
ROUTE_074,09:21,1,1
ROUTE_074,09:22,0,1
ROUTE_074,09:23,0,1
ROUTE_074,09:24,0,1
ROUTE_074,09:25,1,1
ROUTE_074,09:26,1,1
ROUTE_075,09:00,0,0
ROUTE_075,09:01,1,0
ROUTE_075,09:02,1,0
ROUTE_075,09:03,1,0
ROUTE_075,09:04,2,0
ROUTE_075,09:05,2,0
ROUTE_075,09:06,3,0
ROUTE_075,09:07,3,0
ROUTE_075,09:08,3,0
ROUTE_075,09:09,4,0
ROUTE_075,09:10,4,0
ROUTE_075,09:11,3,0
ROUTE_075,09:12,3,0
ROUTE_075,09:13,3,0
ROUTE_075,09:14,2,0
ROUTE_075,09:15,2,0
ROUTE_075,09:16,1,0
ROUTE_075,09:17,1,0
ROUTE_075,09:18,1,0
ROUTE_075,09:19,0,1
ROUTE_075,09:20,0,1
ROUTE_075,09:21,0,1
ROUTE_075,09:22,0,1
ROUTE_075,09:23,0,1
ROUTE_075,09:24,0,1
ROUTE_075,09:25,0,1
ROUTE_075,09:26,0,1
ROUTE_075,09:27,0,1
ROUTE_075,09:28,0,1
ROUTE_076,09:00,0,0
ROUTE_076,09:01,0,0
ROUTE_076,09:02,0,0
ROUTE_076,09:03,0,0
ROUTE_076,09:04,1,0
ROUTE_076,09:05,1,0
ROUTE_076,09:06,1,0
ROUTE_076,09:07,1,0
ROUTE_076,09:08,1,0
ROUTE_076,09:09,1,0
ROUTE_076,09:10,1,0
ROUTE_076,09:11,1,0
ROUTE_076,09:12,1,0
ROUTE_076,09:13,1,0
ROUTE_076,09:14,1,0
ROUTE_076,09:15,1,0
ROUTE_076,09:16,1,0
ROUTE_076,09:17,1,0
ROUTE_076,09:18,1,0
ROUTE_076,09:19,1,0
ROUTE_076,09:20,2,0
ROUTE_076,09:21,2,0
ROUTE_076,09:22,2,0
ROUTE_076,09:23,2,0
ROUTE_076,09:24,1,0
ROUTE_077,09:00,0,0
ROUTE_077,09:01,0,0
ROUTE_077,09:02,0,0
ROUTE_077,09:03,0,0
ROUTE_077,09:04,1,0
ROUTE_077,09:05,1,0
ROUTE_077,09:06,1,0
ROUTE_077,09:07,1,0
ROUTE_077,09:08,1,0
ROUTE_077,09:09,1,0
ROUTE_077,09:10,1,0
ROUTE_077,09:11,2,0
ROUTE_077,09:12,2,0
ROUTE_077,09:13,2,1
ROUTE_077,09:14,2,1
ROUTE_077,09:15,2,1
ROUTE_077,09:16,2,1
ROUTE_077,09:17,3,1
ROUTE_077,09:18,3,1
ROUTE_077,09:19,3,1
ROUTE_077,09:20,4,1
ROUTE_077,09:21,3,1
ROUTE_077,09:22,3,1
ROUTE_077,09:23,3,1
ROUTE_077,09:24,2,1
ROUTE_077,09:25,2,1
ROUTE_078,09:00,0,0
ROUTE_078,09:01,0,0
ROUTE_078,09:02,1,0
ROUTE_078,09:03,1,0
ROUTE_078,09:04,1,0
ROUTE_078,09:05,1,0
ROUTE_078,09:06,1,0
ROUTE_078,09:07,1,0
ROUTE_078,09:08,1,0
ROUTE_078,09:09,2,0
ROUTE_078,09:10,2,0
ROUTE_078,09:11,2,0
ROUTE_078,09:12,1,0
ROUTE_078,09:13,1,0
ROUTE_078,09:14,1,0
ROUTE_078,09:15,1,0
ROUTE_078,09:16,1,0
ROUTE_078,09:17,1,0
ROUTE_078,09:18,1,0
ROUTE_078,09:19,0,0
ROUTE_078,09:20,0,0
ROUTE_078,09:21,0,0
ROUTE_078,09:22,0,0
ROUTE_078,09:23,1,0
ROUTE_078,09:24,1,0
ROUTE_078,09:25,1,0
ROUTE_078,09:26,1,0
ROUTE_078,09:27,1,0
ROUTE_078,09:28,1,0
ROUTE_078,09:29,1,0
ROUTE_079,09:00,0,0
ROUTE_079,09:01,0,0
ROUTE_079,09:02,0,0
ROUTE_079,09:03,0,0
ROUTE_079,09:04,0,0
ROUTE_079,09:05,0,0
ROUTE_079,09:06,0,0
ROUTE_079,09:07,0,0
ROUTE_079,09:08,0,0
ROUTE_079,09:09,0,0
ROUTE_079,09:10,0,0
ROUTE_079,09:11,0,0
ROUTE_079,09:12,0,0
ROUTE_079,09:13,0,0
ROUTE_079,09:14,0,0
ROUTE_079,09:15,0,0
ROUTE_079,09:16,0,0
ROUTE_079,09:17,1,0
ROUTE_079,09:18,2,0
ROUTE_079,09:19,2,0
ROUTE_079,09:20,2,0
ROUTE_079,09:21,2,0
ROUTE_079,09:22,2,0
ROUTE_079,09:23,2,0
ROUTE_079,09:24,2,0
ROUTE_079,09:25,2,0
ROUTE_079,09:26,3,0
ROUTE_080,09:00,0,0
ROUTE_080,09:01,0,0
ROUTE_080,09:02,0,0
ROUTE_080,09:03,0,1
ROUTE_080,09:04,0,1
ROUTE_080,09:05,0,1
ROUTE_080,09:06,0,1
ROUTE_080,09:07,1,1
ROUTE_080,09:08,1,1
ROUTE_080,09:09,1,1
ROUTE_080,09:10,1,1
ROUTE_080,09:11,1,1
ROUTE_080,09:12,2,1
ROUTE_080,09:13,2,1
ROUTE_080,09:14,3,1
ROUTE_080,09:15,3,1
ROUTE_080,09:16,3,1
ROUTE_080,09:17,2,1
ROUTE_080,09:18,2,0
ROUTE_080,09:19,2,0
ROUTE_080,09:20,2,0
ROUTE_080,09:21,2,0
ROUTE_080,09:22,2,0
ROUTE_080,09:23,2,0
ROUTE_080,09:24,2,0
ROUTE_080,09:25,2,0
ROUTE_080,09:26,2,0
ROUTE_080,09:27,2,0
ROUTE_080,09:28,2,0
ROUTE_080,09:29,2,0
ROUTE_080,09:30,2,0
ROUTE_081,09:00,0,0
ROUTE_081,09:01,0,0
ROUTE_081,09:02,0,0
ROUTE_081,09:03,0,0
ROUTE_081,09:04,1,0
ROUTE_081,09:05,1,0
ROUTE_081,09:06,1,0
ROUTE_081,09:07,1,0
ROUTE_081,09:08,1,0
ROUTE_081,09:09,1,0
ROUTE_081,09:10,1,0
ROUTE_081,09:11,1,0
ROUTE_081,09:12,1,0
ROUTE_081,09:13,1,0
ROUTE_081,09:14,0,0
ROUTE_081,09:15,0,0
ROUTE_081,09:16,0,0
ROUTE_081,09:17,0,0
ROUTE_081,09:18,0,0
ROUTE_081,09:19,0,0
ROUTE_081,09:20,0,0
ROUTE_081,09:21,0,0
ROUTE_081,09:22,1,0
ROUTE_081,09:23,1,0
ROUTE_081,09:24,2,0
ROUTE_081,09:25,2,0
ROUTE_081,09:26,2,0
ROUTE_081,09:27,2,0
ROUTE_081,09:28,3,0
ROUTE_081,09:29,3,1
ROUTE_081,09:30,3,1
ROUTE_082,09:00,0,0
ROUTE_082,09:01,0,0
ROUTE_082,09:02,0,0
ROUTE_082,09:03,0,0
ROUTE_082,09:04,0,0
ROUTE_082,09:05,0,0
ROUTE_082,09:06,0,0
ROUTE_082,09:07,0,0
ROUTE_082,09:08,0,0
ROUTE_082,09:09,0,0
ROUTE_082,09:10,1,0
ROUTE_082,09:11,2,0
ROUTE_082,09:12,2,0
ROUTE_082,09:13,3,0
ROUTE_082,09:14,4,0
ROUTE_082,09:15,4,0
ROUTE_082,09:16,4,0
ROUTE_082,09:17,4,0
ROUTE_082,09:18,4,0
ROUTE_082,09:19,4,0
ROUTE_082,09:20,3,0
ROUTE_082,09:21,2,0
ROUTE_082,09:22,3,0
ROUTE_082,09:23,2,1
ROUTE_082,09:24,1,1
ROUTE_083,09:00,0,0
ROUTE_083,09:01,0,0
ROUTE_083,09:02,0,0
ROUTE_083,09:03,0,0
ROUTE_083,09:04,0,0
ROUTE_083,09:05,1,0
ROUTE_083,09:06,1,0
ROUTE_083,09:07,2,0
ROUTE_083,09:08,2,0
ROUTE_083,09:09,2,0
ROUTE_083,09:10,2,0
ROUTE_083,09:11,2,0
ROUTE_083,09:12,2,0
ROUTE_083,09:13,3,0
ROUTE_083,09:14,4,0
ROUTE_083,09:15,3,0
ROUTE_083,09:16,3,0
ROUTE_083,09:17,2,0
ROUTE_083,09:18,2,0
ROUTE_083,09:19,2,0
ROUTE_083,09:20,2,0
ROUTE_083,09:21,2,0
ROUTE_083,09:22,3,1
ROUTE_083,09:23,2,1
ROUTE_083,09:24,1,1
ROUTE_084,09:00,0,0
ROUTE_084,09:01,1,0
ROUTE_084,09:02,1,0
ROUTE_084,09:03,1,0
ROUTE_084,09:04,1,0
ROUTE_084,09:05,1,0
ROUTE_084,09:06,1,0
ROUTE_084,09:07,1,0
ROUTE_084,09:08,1,0
ROUTE_084,09:09,1,0
ROUTE_084,09:10,2,1
ROUTE_084,09:11,1,1
ROUTE_084,09:12,1,1
ROUTE_084,09:13,2,1
ROUTE_084,09:14,2,1
ROUTE_084,09:15,2,1
ROUTE_084,09:16,2,1
ROUTE_084,09:17,2,1
ROUTE_084,09:18,3,1
ROUTE_084,09:19,4,1
ROUTE_084,09:20,3,1
ROUTE_084,09:21,3,1
ROUTE_084,09:22,3,1
ROUTE_085,09:00,0,0
ROUTE_085,09:01,0,0
ROUTE_085,09:02,0,0
ROUTE_085,09:03,0,0
ROUTE_085,09:04,0,0
ROUTE_085,09:05,0,0
ROUTE_085,09:06,0,0
ROUTE_085,09:07,0,0
ROUTE_085,09:08,0,0
ROUTE_085,09:09,0,0
ROUTE_085,09:10,0,0
ROUTE_085,09:11,0,0
ROUTE_085,09:12,0,0
ROUTE_085,09:13,0,0
ROUTE_085,09:14,1,0
ROUTE_085,09:15,1,0
ROUTE_085,09:16,1,0
ROUTE_085,09:17,1,0
ROUTE_085,09:18,1,0
ROUTE_085,09:19,2,0
ROUTE_085,09:20,3,0
ROUTE_085,09:21,3,0
ROUTE_085,09:22,3,0
ROUTE_085,09:23,3,0
ROUTE_085,09:24,2,0
ROUTE_086,09:00,0,0
ROUTE_086,09:01,0,0
ROUTE_086,09:02,0,0
ROUTE_086,09:03,0,0
ROUTE_086,09:04,0,0
ROUTE_086,09:05,0,0
ROUTE_086,09:06,0,0
ROUTE_086,09:07,1,0
ROUTE_086,09:08,1,0
ROUTE_086,09:09,1,0
ROUTE_086,09:10,1,0
ROUTE_086,09:11,1,0
ROUTE_086,09:12,1,0
ROUTE_086,09:13,1,0
ROUTE_086,09:14,1,0
ROUTE_086,09:15,2,0
ROUTE_086,09:16,2,1
ROUTE_086,09:17,2,1
ROUTE_086,09:18,2,1
ROUTE_086,09:19,2,1
ROUTE_086,09:20,2,1
ROUTE_086,09:21,2,1
ROUTE_086,09:22,3,1
ROUTE_086,09:23,3,1
ROUTE_086,09:24,3,1
ROUTE_086,09:25,2,1
ROUTE_086,09:26,2,1
ROUTE_086,09:27,1,1
ROUTE_086,09:28,1,1
ROUTE_086,09:29,1,1
ROUTE_086,09:30,1,1
ROUTE_087,09:00,0,0
ROUTE_087,09:01,0,0
ROUTE_087,09:02,0,0
ROUTE_087,09:03,1,0
ROUTE_087,09:04,1,0
ROUTE_087,09:05,1,0
ROUTE_087,09:06,1,0
ROUTE_087,09:07,1,0
ROUTE_087,09:08,1,0
ROUTE_087,09:09,1,0
ROUTE_087,09:10,2,0
ROUTE_087,09:11,2,0
ROUTE_087,09:12,2,0
ROUTE_087,09:13,1,0
ROUTE_087,09:14,1,0
ROUTE_087,09:15,1,0
ROUTE_087,09:16,1,0
ROUTE_087,09:17,2,0
ROUTE_087,09:18,2,0
ROUTE_087,09:19,2,0
ROUTE_087,09:20,1,1
ROUTE_087,09:21,2,1
ROUTE_087,09:22,3,1
ROUTE_088,09:00,0,0
ROUTE_088,09:01,0,0
ROUTE_088,09:02,0,0
ROUTE_088,09:03,0,0
ROUTE_088,09:04,0,0
ROUTE_088,09:05,0,0
ROUTE_088,09:06,0,0
ROUTE_088,09:07,0,0
ROUTE_088,09:08,1,0
ROUTE_088,09:09,1,0
ROUTE_088,09:10,1,0
ROUTE_088,09:11,1,0
ROUTE_088,09:12,1,0
ROUTE_088,09:13,1,0
ROUTE_088,09:14,1,0
ROUTE_088,09:15,1,0
ROUTE_088,09:16,1,0
ROUTE_088,09:17,1,0
ROUTE_088,09:18,0,0
ROUTE_088,09:19,0,0
ROUTE_088,09:20,0,0
ROUTE_088,09:21,0,0
ROUTE_088,09:22,1,0
ROUTE_088,09:23,1,0
ROUTE_088,09:24,1,0
ROUTE_088,09:25,2,0
ROUTE_089,09:00,0,0
ROUTE_089,09:01,1,0
ROUTE_089,09:02,1,0
ROUTE_089,09:03,1,0
ROUTE_089,09:04,1,0
ROUTE_089,09:05,2,0
ROUTE_089,09:06,2,0
ROUTE_089,09:07,3,0
ROUTE_089,09:08,3,0
ROUTE_089,09:09,3,0
ROUTE_089,09:10,3,0
ROUTE_089,09:11,2,0
ROUTE_089,09:12,2,0
ROUTE_089,09:13,2,0
ROUTE_089,09:14,2,0
ROUTE_089,09:15,1,0
ROUTE_089,09:16,1,0
ROUTE_089,09:17,0,0
ROUTE_089,09:18,0,0
ROUTE_089,09:19,0,0
ROUTE_089,09:20,0,0
ROUTE_089,09:21,0,0
ROUTE_089,09:22,0,0
ROUTE_089,09:23,0,0
ROUTE_089,09:24,0,0
ROUTE_090,09:00,0,0
ROUTE_090,09:01,0,0
ROUTE_090,09:02,0,0
ROUTE_090,09:03,1,0
ROUTE_090,09:04,1,0
ROUTE_090,09:05,1,0
ROUTE_090,09:06,1,0
ROUTE_090,09:07,1,0
ROUTE_090,09:08,1,0
ROUTE_090,09:09,1,0
ROUTE_090,09:10,1,0
ROUTE_090,09:11,1,0
ROUTE_090,09:12,1,0
ROUTE_090,09:13,0,0
ROUTE_090,09:14,0,0
ROUTE_090,09:15,1,0
ROUTE_090,09:16,2,0
ROUTE_090,09:17,2,0
ROUTE_090,09:18,2,0
ROUTE_090,09:19,2,0
ROUTE_090,09:20,2,0
ROUTE_091,09:00,0,0
ROUTE_091,09:01,0,0
ROUTE_091,09:02,0,0
ROUTE_091,09:03,0,0
ROUTE_091,09:04,0,0
ROUTE_091,09:05,0,0
ROUTE_091,09:06,0,0
ROUTE_091,09:07,1,0
ROUTE_091,09:08,1,0
ROUTE_091,09:09,1,0
ROUTE_091,09:10,1,0
ROUTE_091,09:11,1,0
ROUTE_091,09:12,1,0
ROUTE_091,09:13,2,1
ROUTE_091,09:14,2,1
ROUTE_091,09:15,2,1
ROUTE_091,09:16,3,1
ROUTE_091,09:17,2,1
ROUTE_091,09:18,2,1
ROUTE_091,09:19,3,1
ROUTE_091,09:20,3,1
ROUTE_091,09:21,3,1
ROUTE_091,09:22,3,1
ROUTE_091,09:23,3,1
ROUTE_091,09:24,3,1
ROUTE_091,09:25,3,1
ROUTE_091,09:26,2,1
ROUTE_092,09:00,0,0
ROUTE_092,09:01,1,0
ROUTE_092,09:02,1,0
ROUTE_092,09:03,1,0
ROUTE_092,09:04,1,0
ROUTE_092,09:05,1,0
ROUTE_092,09:06,1,0
ROUTE_092,09:07,1,0
ROUTE_092,09:08,1,0
ROUTE_092,09:09,1,0
ROUTE_092,09:10,1,0
ROUTE_092,09:11,0,0
ROUTE_092,09:12,0,0
ROUTE_092,09:13,0,0
ROUTE_092,09:14,0,0
ROUTE_092,09:15,0,0
ROUTE_092,09:16,0,0
ROUTE_092,09:17,0,0
ROUTE_092,09:18,0,0
ROUTE_092,09:19,0,0
ROUTE_092,09:20,0,0
ROUTE_092,09:21,1,0
ROUTE_092,09:22,1,0
ROUTE_092,09:23,2,0
ROUTE_093,09:00,0,0
ROUTE_093,09:01,0,0
ROUTE_093,09:02,1,0
ROUTE_093,09:03,1,0
ROUTE_093,09:04,1,0
ROUTE_093,09:05,1,0
ROUTE_093,09:06,2,0
ROUTE_093,09:07,2,0
ROUTE_093,09:08,2,0
ROUTE_093,09:09,2,0
ROUTE_093,09:10,2,0
ROUTE_093,09:11,2,0
ROUTE_093,09:12,1,0
ROUTE_093,09:13,1,0
ROUTE_093,09:14,1,0
ROUTE_093,09:15,2,0
ROUTE_093,09:16,1,0
ROUTE_093,09:17,2,0
ROUTE_093,09:18,2,0
ROUTE_093,09:19,2,0
ROUTE_093,09:20,2,0
ROUTE_093,09:21,2,0
ROUTE_094,09:00,0,0
ROUTE_094,09:01,0,0
ROUTE_094,09:02,0,0
ROUTE_094,09:03,0,0
ROUTE_094,09:04,1,0
ROUTE_094,09:05,1,0
ROUTE_094,09:06,1,0
ROUTE_094,09:07,1,0
ROUTE_094,09:08,1,0
ROUTE_094,09:09,1,0
ROUTE_094,09:10,1,0
ROUTE_094,09:11,1,0
ROUTE_094,09:12,1,0
ROUTE_094,09:13,1,0
ROUTE_094,09:14,0,0
ROUTE_094,09:15,1,0
ROUTE_094,09:16,1,0
ROUTE_094,09:17,1,0
ROUTE_094,09:18,1,0
ROUTE_094,09:19,1,0
ROUTE_094,09:20,1,0
ROUTE_094,09:21,1,0
ROUTE_094,09:22,1,0
ROUTE_094,09:23,1,0
ROUTE_094,09:24,1,0
ROUTE_094,09:25,0,0
ROUTE_094,09:26,0,0
ROUTE_094,09:27,0,0
ROUTE_094,09:28,1,0
ROUTE_095,09:00,0,0
ROUTE_095,09:01,0,0
ROUTE_095,09:02,0,0
ROUTE_095,09:03,0,0
ROUTE_095,09:04,0,0
ROUTE_095,09:05,0,0
ROUTE_095,09:06,0,0
ROUTE_095,09:07,0,0
ROUTE_095,09:08,0,0
ROUTE_095,09:09,0,0
ROUTE_095,09:10,0,0
ROUTE_095,09:11,0,0
ROUTE_095,09:12,0,0
ROUTE_095,09:13,0,0
ROUTE_095,09:14,1,0
ROUTE_095,09:15,2,0
ROUTE_095,09:16,2,0
ROUTE_095,09:17,3,0
ROUTE_095,09:18,3,1
ROUTE_095,09:19,3,1
ROUTE_095,09:20,4,1
ROUTE_095,09:21,4,1
ROUTE_095,09:22,4,1
ROUTE_096,09:00,0,0
ROUTE_096,09:01,0,0
ROUTE_096,09:02,0,0
ROUTE_096,09:03,0,0
ROUTE_096,09:04,0,0
ROUTE_096,09:05,0,0
ROUTE_096,09:06,0,0
ROUTE_096,09:07,0,0
ROUTE_096,09:08,0,0
ROUTE_096,09:09,0,0
ROUTE_096,09:10,0,0
ROUTE_096,09:11,0,0
ROUTE_096,09:12,0,0
ROUTE_096,09:13,0,0
ROUTE_096,09:14,0,0
ROUTE_096,09:15,1,0
ROUTE_096,09:16,2,0
ROUTE_096,09:17,2,0
ROUTE_096,09:18,2,0
ROUTE_096,09:19,2,0
ROUTE_096,09:20,2,0
ROUTE_096,09:21,2,0
ROUTE_096,09:22,2,0
ROUTE_096,09:23,2,0
ROUTE_096,09:24,3,0
ROUTE_096,09:25,2,0
ROUTE_096,09:26,1,0
ROUTE_096,09:27,1,0
ROUTE_097,09:00,0,0
ROUTE_097,09:01,0,0
ROUTE_097,09:02,0,0
ROUTE_097,09:03,0,0
ROUTE_097,09:04,0,0
ROUTE_097,09:05,0,0
ROUTE_097,09:06,0,0
ROUTE_097,09:07,0,0
ROUTE_097,09:08,0,0
ROUTE_097,09:09,1,0
ROUTE_097,09:10,1,0
ROUTE_097,09:11,1,0
ROUTE_097,09:12,1,0
ROUTE_097,09:13,1,0
ROUTE_097,09:14,1,0
ROUTE_097,09:15,1,0
ROUTE_097,09:16,1,0
ROUTE_097,09:17,2,0
ROUTE_097,09:18,2,0
ROUTE_097,09:19,1,0
ROUTE_097,09:20,1,0
ROUTE_097,09:21,2,0
ROUTE_097,09:22,2,0
ROUTE_097,09:23,2,0
ROUTE_097,09:24,2,0
ROUTE_098,09:00,0,0
ROUTE_098,09:01,0,0
ROUTE_098,09:02,0,0
ROUTE_098,09:03,1,0
ROUTE_098,09:04,1,0
ROUTE_098,09:05,1,0
ROUTE_098,09:06,1,0
ROUTE_098,09:07,1,0
ROUTE_098,09:08,2,0
ROUTE_098,09:09,3,0
ROUTE_098,09:10,3,1
ROUTE_098,09:11,3,1
ROUTE_098,09:12,3,1
ROUTE_098,09:13,2,1
ROUTE_098,09:14,2,1
ROUTE_098,09:15,3,1
ROUTE_098,09:16,3,1
ROUTE_098,09:17,3,1
ROUTE_098,09:18,2,1
ROUTE_098,09:19,1,1
ROUTE_098,09:20,1,1
ROUTE_098,09:21,1,1
ROUTE_098,09:22,1,1
ROUTE_098,09:23,2,1
ROUTE_098,09:24,2,1
ROUTE_098,09:25,1,0
ROUTE_098,09:26,1,0
ROUTE_098,09:27,1,0
ROUTE_099,09:00,0,0
ROUTE_099,09:01,0,0
ROUTE_099,09:02,0,0
ROUTE_099,09:03,1,0
ROUTE_099,09:04,1,0
ROUTE_099,09:05,2,1
ROUTE_099,09:06,2,1
ROUTE_099,09:07,2,1
ROUTE_099,09:08,2,1
ROUTE_099,09:09,2,1
ROUTE_099,09:10,2,1
ROUTE_099,09:11,3,1
ROUTE_099,09:12,3,1
ROUTE_099,09:13,2,1
ROUTE_099,09:14,2,1
ROUTE_099,09:15,1,1
ROUTE_099,09:16,1,1
ROUTE_099,09:17,1,1
ROUTE_099,09:18,2,1
ROUTE_099,09:19,2,1
ROUTE_099,09:20,2,0
ROUTE_099,09:21,1,0
ROUTE_099,09:22,1,0
ROUTE_099,09:23,1,0
ROUTE_100,09:00,0,0
ROUTE_100,09:01,0,0
ROUTE_100,09:02,0,0
ROUTE_100,09:03,1,0
ROUTE_100,09:04,1,0
ROUTE_100,09:05,1,0
ROUTE_100,09:06,1,0
ROUTE_100,09:07,2,0
ROUTE_100,09:08,2,0
ROUTE_100,09:09,2,0
ROUTE_100,09:10,2,0
ROUTE_100,09:11,2,0
ROUTE_100,09:12,2,0
ROUTE_100,09:13,1,0
ROUTE_100,09:14,2,0
ROUTE_100,09:15,2,0
ROUTE_100,09:16,2,0
ROUTE_100,09:17,1,0
ROUTE_100,09:18,1,0
ROUTE_100,09:19,1,0
ROUTE_100,09:20,1,0
ROUTE_100,09:21,1,0
ROUTE_100,09:22,1,0
ROUTE_100,09:23,2,0
